title,url,publisher,spatialGrain,temporalGrain,access,updateFrequency,goodFor,caveats,id,theme,sourceLocator
WhereToBuild,https://wheretobuild.warwick.ac.uk/,"Warwick CAGE (Datta & Kulka), built on 20bn Rightmove searches + listings 2019-2024",Ward / MSOA-level,"One-off pooled snapshot (search/listing data pooled across 2019-2024, not a time series)",Interactive map only - no visible bulk-download link; underlying data needs a request to the research team,One-off research release (2025),"The headline ""demand outstrips supply 5:1"" framing; a ready-made proxy for where housing is wanted, not just where it's built","It's search/listing-based demand, not need - skews toward people who can already afford to search on Rightmove",register-8,1. Demand & need,Register!A8:I8
ONS Census 2021,https://www.nomisweb.co.uk/sources/census_2021,ONS,LSOA / MSOA / borough,"Point-in-time snapshot (census night, 21 March 2021)","Nomis / ONS website, CSV",Decennial (2021 is current),"Household composition, overcrowding, tenure mix, dwelling counts - the ""need"" side of the equation",Getting stale by the time #1/#2 run; 2031 Census is a long way off,register-9,1. Demand & need,Register!A9:I9
English Indices of Deprivation 2025,https://deprivation.communities.gov.uk/,MHCLG,"LSOA (33,755 areas), summarised to local authority / ward","Point-in-time relative ranking (released 30 Oct 2025, methodology changed from 2019 - not directly time-comparable)","Bulk CSV via the Local Deprivation Explorer, or postcode/LSOA lookup tool",Periodic (previous release was 2019 - six-year gap),"Brand new release, still under a year old. One of the seven domains, ""Barriers to Housing and Services,"" is directly relevant; also useful as general socioeconomic context alongside Census for the ""need"" side of Brief 1/5","Relative ranking only, not an absolute measure - a low-deprivation-rank area isn't necessarily ""fine,"" just less deprived than elsewhere in England; don't compare scores directly against the 2019 release",register-10,1. Demand & need,Register!A10:I10
Housing in London (annual report),https://data.london.gov.uk/dataset/housing-london/,GLA,Borough / London-wide,Annual (financial year figures),PDF + data tables on London Datastore,Annual,"Headline stats and links to the underlying spreadsheets in one place - good starting point for context, not raw data","It's a report, not a clean dataset - expect PDF tables",register-11,1. Demand & need,Register!A11:I11
Residential starts / completions / pipeline dashboards (Planning London Datahub),https://data.london.gov.uk/dataset/residential-starts-dashboard-240w5,GLA Planning,"Borough, some scheme-level","Per-scheme start/completion dates, rolling",Power BI dashboards on data.london.gov.uk; bulk download not currently possible from the dashboard itself,"Weekly (starts), annual borough return (completions)",Tracking the gap between permissions granted and homes actually delivered,"GLA flags this data as not quality-checked - self-reported by boroughs/applicants, expect gaps and errors",register-15,2. Supply - what's actually being built,Register!A15:I15
London Development Database (LDD) export,https://data.london.gov.uk/dataset/london-development-database-sql-extract-2koxx,GLA,Scheme-level,"Historical archive, extract taken July 2020 (one-off, not current)","SQL dump (~160MB, pg_dump) on London Datastore","Historical snapshot, one-off (superseded by the Datahub above)",The richest scheme-level history if you want site-level detail rather than aggregates,"It's an archived export from 2020, not live - needs a Postgres restore to query",register-16,2. Supply - what's actually being built,Register!A16:I16
Affordable Housing Open Data,https://data.london.gov.uk/dataset/affordable-housing-open-data-246jn,GLA / DLUHC,Borough,"Annual, one-off series Apr 2015-Mar 2021","London Datastore, XLSX",One-off snapshot (not being kept current),"Tracking the affordable homes share of delivery against London Housing Strategy targets, up to 2021",GLA flags this dataset does not incorporate DLUHC 2021/22 or GLA 2022/23 data - check whether a newer source is needed,register-17,2. Supply - what's actually being built,Register!A17:I17
GLA Affordable Housing Programme Outturn,https://data.london.gov.uk/dataset/gla-affordable-housing-programme-outturn-2o8xd,GLA / Homes England,"Scheme-level, GLA-funded only","Quarterly, Apr 2009-Mar 2026 series","London Datastore, XLSX/PDF","Quarterly, current to March 2026","Starts/completions specifically for GLA-funded affordable programmes, actively maintained","Only covers GLA-funded schemes - a slice of total supply, not all of it",register-18,2. Supply - what's actually being built,Register!A18:I18
EPCs for new dwellings,https://get-energy-performance-data.communities.gov.uk/,MHCLG (Get energy performance of buildings data service),Address-level,"Per-certificate lodgement date, since 2012",Bulk CSV or developer API - now requires a free GOV.UK One Login account,Weekly,Genuinely one of the more reliable new-build completion proxies - MHCLG itself points to this over building-control stats,"The old open epc.opendatacommunities.org site was retired 30 May 2026; the replacement needs sign-in, which is a real step to build into a hackathon workflow - worth setting up an account in advance",register-19,2. Supply - what's actually being built,Register!A19:I19
"MHCLG ""indicators of new supply"" (building control)",https://www.gov.uk/government/collections/house-building-statistics,MHCLG,Local authority,Quarterly,"Quarterly statistical release + live tables, GOV.UK",Quarterly,Independent cross-check against GLA figures,"Gross not net, no conversions/acquisitions, known undercount",register-20,2. Supply - what's actually being built,Register!A20:I20
Housing Delivery Test,https://www.gov.uk/government/collections/housing-delivery-test,MHCLG,Local planning authority,"Annual, 3-year rolling measurement (delivery vs requirement)","ODS/PDF release, GOV.UK",Annual (nominally),"The most direct dataset for the ""London isn't on track to hit its target"" framing - a single %-delivered-vs-required figure per borough, with statutory consequences below 95%/85%/75% thresholds","Publication has fallen behind schedule - the latest measurement (2023) was only published Dec 2024, so treat as lagging rather than current",register-21,2. Supply - what's actually being built,Register!A21:I21
Planning Data API (planning.data.gov.uk),https://www.planning.data.gov.uk/,MHCLG / Open Digital Planning,"Site/entity-level, England-wide","Varies by dataset - most have per-entity start-dates, rolling","REST API, OpenAPI spec, bulk downloads (CSV/JSON/GeoJSON/Parquet), interactive map",Varies by dataset,"100+ datasets in one consistent schema: planning applications, conservation areas, listed buildings, green belt, article 4 directions, brownfield land, flood risk - the single best entry point for planning-constraint data",Coverage varies a lot by local authority - absence of a record does not equal absence of the constraint,register-25,3. The planning process itself,Register!A25:I25
Digital Planning Register / individual borough registers,https://opendigitalplanning.org/digital-planning-register,"Boroughs on PlanX/BOPS (18+ councils incl. Lambeth, Southwark, Camden)","Application-level, with officer decisions","Per-application, rolling (full lifecycle from submission to decision)","Varies - some via Open Digital Planning schema (JSON), many still borough-by-borough HTML search forms",Rolling,"The actual application text, decision (approve/refuse), and officer reasoning - what you'd need to train a decision classifier",No single London-wide feed; scraping/normalising ~33 borough portals is real work in itself,register-26,3. The planning process itself,Register!A26:I26
UK PlanIt,https://www.planit.org.uk/ (API docs: https://www.planit.org.uk/api/),"Independent, one-person project (Andrew Speakman) - scrapes ~420 UK planning authority portals into one database","Application-level, ~20.5m applications, 91% mappable","Per-application, rolling; historical coverage generally back to 2000-2002 depending on authority","Free JSON/CSV API (rate-limited to ~1 request/minute on the applics endpoint), no key or attribution required, plus a searchable web UI","Rolling, updated as each authority is re-scraped","Solves the exact ""no single London-wide feed"" problem above - one API call across all London boroughs instead of ~33 separate scrapes; supports spatial (rectangle/circle/postcode/area) and description text search","Run solo as a ""retirement hobby,"" best-effort only, no SLA; full bulk dataset isn't offered (legal caution around scraped council data); no applicant/agent names (data protection); ~9% of applications have no location at all",register-27,3. The planning process itself,Register!A27:I27
London Plan Opportunity Areas,https://data.london.gov.uk/dataset/opportunity-areas-epr7z,GLA Planning,"Boundary, ~40 designated areas across London","Point-in-time designation (current London Plan), reviewed periodically",GeoPackage/GIS download on London Datastore,"Periodic, tied to London Plan revisions","GLA's own designated growth-capacity areas (typically 5,000+ jobs and/or 2,500+ homes each) - the supply-side counterpart to WhereToBuild's demand mapping; pairs well with the Planning Data API's constraint layers","These are policy designations, not guarantees - an Opportunity Area being on the map doesn't mean sites within it have permission or are being built out",register-28,3. The planning process itself,Register!A28:I28
Live tables on planning application statistics,https://www.gov.uk/government/statistical-data-sets/live-tables-on-planning-application-statistics,MHCLG,Local planning authority,Quarterly,"GOV.UK, CSV/ODS + Power BI dashboard",Quarterly,"Decision volumes, approval rates, timeliness (P152/P154) by LPA and nationally - good for benchmarking committees against each other","Aggregate counts only, not case-level - can't join to specific applications",register-29,3. The planning process itself,Register!A29:I29
Digital Planning Data Schemas,https://github.com/theopensystemslab/digital-planning-data-schemas,Open Digital Planning (GitHub),"N/A - schema, not data",N/A,"GitHub (JSON Schema), actively maintained (v0.7.7 as of Feb 2026)",Rolling,"If a team wants to build/consume PlanX-shaped data, this is the canonical schema","It's a spec, not a dataset - only useful alongside real application data",register-30,3. The planning process itself,Register!A30:I30
Price Paid Data,https://www.gov.uk/government/statistical-data-sets/price-paid-data-downloads,HM Land Registry,Transaction-level (address),"Per-transaction completion date, back to 1995","Bulk CSV/TXT (1995-present, full or by year) or linked-data API",Monthly,"Transaction prices, dates, addresses - the standard source for house-price analysis",No property size/attributes by default (see EPC-linking note below); excludes some transaction types (e.g. not-at-full-value); Chrome has a known issue blocking the direct download links,register-34,"4. Land, price & ownership",Register!A34:I34
UK House Price Index,https://www.gov.uk/government/collections/uk-house-price-index-reports,HM Land Registry / ONS,LA / regional,Monthly index,"GOV.UK, CSV, monthly release",Monthly,"Clean, official trend series if a team just needs a price index rather than raw transactions",Aggregated - not useful for site-level work,register-35,"4. Land, price & ownership",Register!A35:I35
Domestic EPC register,https://get-energy-performance-data.communities.gov.uk/,MHCLG (Get energy performance of buildings data service),Address-level,"Per-certificate lodgement date, since 2012",Bulk CSV or API - GOV.UK One Login required,Weekly,"Floor area, energy rating, property age/type - the standard way to add size/attributes to Price Paid transactions (published linkage methodology exists, ~90%+ match rates)",Same site-migration caveat as above - old open-access URL is dead,register-36,"4. Land, price & ownership",Register!A36:I36
"House Price per Square Metre (Price Paid x EPC, pre-linked)",https://data.london.gov.uk/dataset/house-price-per-square-metre-in-england-and-wales,"GLA / academic linkage (UCL, published via London Datastore)",Address/postcode-level,"Per-transaction, 1995-2024",Ready-made linked extract on London Datastore - avoids doing the Price Paid/EPC join yourself,Periodically updated (latest version covers to 2024),Skips the linkage work entirely if a team wants price-per-sqm without touching the raw EPC/Price Paid join,Worth flagging to teams as the shortcut - many will not know it exists and will otherwise try to redo the linkage from scratch,register-37,"4. Land, price & ownership",Register!A37:I37
Vacant dwellings / long-term empty homes (Live Table 615),https://www.gov.uk/government/statistical-data-sets/live-tables-on-dwelling-stock-including-vacants,"MHCLG, sourced from local authority Council Tax records",Local authority district,"Annual snapshot at 31 March, series from 2004",Bulk XLS/ODS on GOV.UK,Annual,"Directly operationalises the ""clear empty homes"" policy option - London-specific figures show empty homes up 81% since 2016 (105,138 in 2025)","Only captures homes classed empty for Council Tax purposes - narrower than genuinely under-used or intermittently-occupied stock; excludes homes with a Council Tax exemption from the headline ""empty"" count in some tables",register-38,"4. Land, price & ownership",Register!A38:I38
Overseas / UK companies that own property (OCOD / CCOD),https://use-land-property-data.service.gov.uk/datasets/ocod,HM Land Registry,Title-level (address),"Per-registration, monthly complete + change-only files, back to Oct 2015",Free CSV/API - requires a free account and agreeing to a data licence,Monthly,"The one dataset that lets a team actually quantify the ""foreign high-net-worth ownership"" policy option (~250k overseas-owned titles) rather than just assert it - includes country of incorporation","Only covers corporate owners, not private individuals (excluded for data protection); doesn't tell you who owns the company, just its name and incorporation country - beneficial ownership needs linking to Companies House / the Register of Overseas Entities",register-39,"4. Land, price & ownership",Register!A39:I39
Brownfield land registers,https://www.planning.data.gov.uk/dataset/brownfield-land,"Individual LPAs, aggregated via planning.data.gov.uk",Site-level,"Point-in-time register entries, refreshed as LPAs re-publish (statutory annual duty)",CSV/JSON/GeoJSON/Parquet bulk download,"Rolling, 354 data providers as of July 2026","Directly relevant to the ""end land banking"" and site-viability threads in the problem brief",Explicitly flagged as incomplete/not covering all of England yet,register-40,"4. Land, price & ownership",Register!A40:I40
ONS geography lookups (LSOA/MSOA/ward/borough),https://geoportal.statistics.gov.uk/,ONS Open Geography Portal,Boundary + code lookups,"Point-in-time boundary vintage (e.g. 2021 boundaries), periodically revised","Shapefile/GeoJSON, free",,Needed to join any of the above across geographies,,register-44,5. Reference / geography (glue data),Register!A44:I44
Local Planning Authority boundaries,https://www.planning.data.gov.uk/dataset/local-planning-authority,planning.data.gov.uk,"Boundary, 337 LPAs","Current boundary snapshot, updated periodically",CSV/JSON/GeoJSON,,Needed to map borough-level planning data,,register-45,5. Reference / geography (glue data),Register!A45:I45
"OS Open Data (roads, boundaries, greenspace)",https://osdatahub.os.uk/downloads/open,Ordnance Survey,Various (national datasets),"Periodic OS releases, varies by product","Free tier via OS Data Hub (JS-only site, needs a free account)",,Fine for open-data-tier use; full MasterMap needs a PSMA licence - flag this if a team wants building-level polygons,,register-46,5. Reference / geography (glue data),Register!A46:I46
